Date,Portfolio_Value,Daily_Return,Cumulative_Return,Peak,Drawdown,Daily_Return_Pct,Portfolio_Gain_Loss,Return_Category
2025-01-16,320297.46479034424,,0.0,320297.46479034424,0.0,,0.0,Flat
2025-01-17,324209.5695114136,0.0122139734188344,1.2213973418834456,324209.5695114136,0.0,1.22139734188344,3912.104721069336,Positive
2025-01-21,393288.0953979492,0.2130675105939579,22.788388492360426,393288.0953979492,0.0,21.30675105939579,72990.63060760498,Positive
2025-01-22,396871.44176483154,0.0091112505280803,23.907144261853585,396871.44176483154,0.0,0.9111250528080299,76573.9769744873,Positive
2025-01-23,398276.53984069824,0.0035404363428581,24.34582961853802,398276.53984069824,0.0,0.35404363428581,77979.075050354,Positive
2025-01-24,396971.18728637695,-0.0032775030004111,23.938285788874623,398276.53984069824,-0.3277503000411186,-0.32775030004111,76673.72249603271,Negative
2025-01-27,393419.0786743164,-0.0089480262694683,22.829282751842904,398276.53984069824,-1.2196202086933616,-0.89480262694683,73121.61388397217,Negative
2025-01-28,398536.5923690796,0.0130077923826352,24.42702056038688,398536.5923690796,0.0,1.30077923826352,78239.12757873535,Positive
2025-01-29,397169.4745635986,-0.0034303444944771,24.000193015443383,398536.5923690796,-0.34303444944771,-0.34303444944771,76872.00977325434,Negative
2025-01-30,395604.0364074707,-0.0039414865854129,23.511447918084396,398536.5923690796,-0.7358310423081771,-0.39414865854129,75306.57161712646,Negative
2025-01-31,394440.5821990967,-0.00294095636369,23.14820613934112,398536.5923690796,-1.0277626316907096,-0.29409563636900005,74143.11740875244,Negative
2025-02-03,391057.83618927,-0.0085760597729753,22.09207976255545,398536.5923690796,-1.8765544552264315,-0.8576059772975301,70760.37139892578,Negative
2025-02-04,394548.1163406372,0.0089252274941702,23.181779349672627,398536.5923690796,-1.0007803812275062,0.89252274941702,74250.65155029297,Positive
2025-02-05,394927.74017333984,0.0009621737298446,23.3003016217584,398536.5923690796,-0.905525932835205,0.09621737298446,74630.2753829956,Positive
2025-02-06,397580.4496002197,0.0067169488416174,24.12850343990773,398536.5923690796,-0.239913420039084,0.6716948841617401,77282.98480987549,Positive
2025-02-07,393004.1593170166,-0.0115103503902285,22.69974087189972,398536.5923690796,-1.3881869715339668,-1.1510350390228499,72706.69452667236,Negative
2025-02-10,394740.7873916626,0.0044188541863374,23.241933135514014,398536.5923690796,-0.9524357487108116,0.44188541863374003,74443.32260131836,Positive
2025-02-11,396899.3092346192,0.0054682006823247,23.91584475837667,398536.5923690796,-0.4108237902892941,0.54682006823247,76601.84444427496,Positive
2025-02-12,396354.8406219482,-0.0013718053924579,23.74585633432613,398536.5923690796,-0.5474407592442221,-0.13718053924579,76057.37583160395,Negative
2025-02-13,400431.33155822754,0.0102849530735706,25.01857665977349,400431.33155822754,0.0,1.02849530735706,80133.8667678833,Positive
2025-02-14,400701.114654541,0.0006737312369231,25.102805580064857,400701.114654541,0.0,0.06737312369231,80403.64986419678,Positive
2025-02-18,424235.8076477051,0.0587337846900031,32.45056682711969,424235.8076477051,0.0,5.87337846900031,103938.34285736084,Positive
2025-02-19,426021.2230682373,0.0042085448430955,33.00799097710505,426021.2230682373,0.0,0.42085448430955,105723.75827789307,Positive
2025-02-20,423456.2735748291,-0.0060207082523617,32.20718866819914,426021.2230682373,-0.6020708252361784,-0.60207082523617,103158.80878448486,Negative
2025-02-21,419171.4836883545,-0.0101186123665196,30.86943537399829,426021.2230682373,-1.6078399405903945,-1.01186123665196,98874.01889801025,Negative
2025-02-24,416756.8196868897,-0.0057605636247434,30.115553664992145,426021.2230682373,-2.174634238788553,-0.57605636247434,96459.35489654547,Negative
2025-02-25,414733.37074279785,-0.0048552269537233,29.48381312173922,426021.2230682373,-2.6495985913902342,-0.48552269537233,94435.90595245361,Negative
2025-02-26,413888.4379577637,-0.0020372915338856,29.22001684549107,426021.2230682373,-2.8479297400003656,-0.20372915338855999,93590.97316741943,Negative
2025-02-27,408289.3573760986,-0.0135279946675785,27.47192914666085,426021.2230682373,-4.162202428421857,-1.35279946675785,87991.89258575434,Negative
2025-02-28,414275.3263092041,0.0146610946990506,29.340807171350725,426021.2230682373,-2.7571154024765177,1.46610946990506,93977.86151885986,Positive
2025-03-03,408370.9577178955,-0.0142522815536972,27.49740557116216,426021.2230682373,-4.143048372854108,-1.42522815536972,88073.49292755127,Negative
2025-03-04,403926.29455566406,-0.0108838865208966,26.1097382772169,426021.2230682373,-5.186344556603039,-1.0883886520896602,83628.82976531982,Negative
2025-03-05,407899.1397094727,0.009835569526809,27.350099376050157,426021.2230682373,-4.2537982563986,0.9835569526808999,87601.67491912848,Positive
2025-03-06,402381.8463897705,-0.0135261214907975,25.627546460024565,426021.2230682373,-5.548873013464961,-1.35261214907975,82084.38159942627,Negative
2025-03-07,403134.6543121338,0.0018708794373245,25.86258045345815,426021.2230682373,-5.372166342153728,0.18708794373245,82837.18952178955,Positive
2025-03-10,392667.8164672852,-0.0259636271228236,22.59473134584817,426021.2230682373,-7.829048130686633,-2.5963627122823603,72370.35167694098,Negative
2025-03-11,389589.99992370605,-0.0078382195191581,21.633806929667188,426021.2230682373,-8.551504284728074,-0.7838219519158101,69292.53513336182,Negative
2025-03-12,389552.4813842773,-9.63026243898657e-05,21.622093274845323,426021.2230682373,-8.560311014861966,-0.00963026243898657,69255.01659393305,Negative
2025-03-13,384718.8673400879,-0.0124081202794888,20.11299171284784,426021.2230682373,-9.6949056741086,-1.24081202794888,64421.40254974365,Negative
2025-03-14,391602.6141357422,0.0178929274855894,22.26216476364302,426021.2230682373,-8.079083169756117,1.78929274855894,71305.14934539795,Positive
2025-03-17,392949.7791290283,0.0034401327893565,22.68276284554416,426021.2230682373,-7.762863009740673,0.34401327893565004,72652.31433868408,Positive
2025-03-18,389586.8637847901,-0.0085581301297386,21.63282779643612,426021.2230682373,-8.55224043089784,-0.85581301297386,69289.39899444586,Negative
2025-03-19,393447.152633667,0.009908673027049,22.838047716426367,426021.2230682373,-7.646114482271415,0.9908673027049,73149.68784332275,Positive
2025-03-20,392701.7393493652,-0.0018945702855188,22.605322401291676,426021.2230682373,-7.821085409525519,-0.18945702855187999,72404.27455902094,Negative
2025-03-21,394369.7612762451,0.0042475542116098,23.126095154823044,426021.2230682373,-7.4295504726351265,0.42475542116098,74072.29648590088,Positive
2025-03-24,399756.6207122803,0.013659412979845,24.80792533713849,426021.2230682373,-6.165092472810951,1.3659412979845,79459.15592193604,Positive
2025-03-25,401092.9098510742,0.0033427567413717,25.225127870935825,426021.2230682373,-5.851425203098448,0.33427567413716996,80795.44506072998,Positive
2025-03-26,397663.3546447754,-0.0085505256315107,24.154387205366177,426021.2230682373,-6.656445005069555,-0.8550525631510699,77365.88985443115,Negative
2025-03-27,397292.47215271,-0.0009326544368081,24.0385940652899,426021.2230682373,-6.743502285783021,-0.09326544368081,76995.00736236578,Negative
2025-03-28,389590.0748443604,-0.0193872218786692,21.63383032062796,426021.2230682373,-8.551486698596156,-1.9387221878669199,69292.61005401617,Negative
2025-03-31,391558.0401611328,0.0050513743646027,22.248248332978005,426021.2230682373,-8.089546022824411,0.5051374364602701,71260.57537078857,Positive
2025-04-01,391289.6778869629,-0.0006853703580176,22.16446300725101,426021.2230682373,-8.152538723572311,-0.06853703580176,70992.21309661865,Negative
2025-04-02,393165.7424163818,0.0047945668783035,22.750188695291328,426021.2230682373,-7.712169927880074,0.47945668783035006,72868.27762603754,Positive
2025-04-03,377927.9708099365,-0.0387566106670295,17.992807422723512,426021.2230682373,-11.288933427290193,-3.87566106670295,57630.506019592285,Negative
2025-04-04,358650.6774902344,-0.0510078501953401,11.9742479775776,426021.2230682373,-15.813894221699831,-5.10078501953401,38353.21269989014,Negative
2025-04-07,357220.3649902344,-0.0039880379148006,11.52769043116173,426021.2230682373,-16.149631603443115,-0.39880379148005995,36922.90019989014,Negative
2025-04-08,352855.58837890625,-0.0122187227803975,10.164964499445372,426021.2230682373,-17.174176009914856,-1.22187227803975,32558.12358856201,Negative
2025-04-09,382564.7095489502,0.0841962608741269,19.440442589629605,426021.2230682373,-10.200551326131125,8.419626087412691,62267.24475860596,Positive
2025-04-10,371186.509552002,-0.0297418965025898,15.8880573079053,426021.2230682373,-12.871357234578962,-2.97418965025898,50889.04476165777,Negative
2025-04-11,379219.5739746094,0.0216415850681179,18.396058558513275,426021.2230682373,-10.985755300301449,2.1641585068117903,58922.10918426514,Positive
2025-04-14,381592.7642059326,0.0062580900201163,19.13699175099939,426021.2230682373,-10.428696143898076,0.62580900201163,61295.29941558838,Positive
2025-04-15,380164.359664917,-0.0037432694615895,18.69102988803224,426021.2230682373,-10.76398567025738,-0.37432694615895,59866.894874572754,Negative
2025-04-16,372025.2737426758,-0.0214093870593633,16.149927688684883,426021.2230682373,-12.67447404067773,-2.14093870593633,51727.80895233154,Negative
2025-04-17,373412.4593353272,0.0037287401973955,16.583020592982265,426021.2230682373,-12.348859841774509,0.37287401973955,53114.99454498297,Positive
2025-04-21,366299.7985076904,-0.0190477330089553,14.36237834334959,426021.2230682373,-14.01841535743892,-1.9047733008955299,46002.33371734613,Negative
2025-04-22,374337.1696472168,0.0219420572227195,16.87172419308567,426021.2230682373,-12.131802507111743,2.19420572227195,54039.70485687256,Positive
2025-04-23,379752.78938293457,0.0144672241359882,18.56253362214644,426021.2230682373,-10.860593599556834,1.4467224135988201,59455.32459259033,Positive
2025-04-24,385669.23278808594,0.0155797233636256,20.40970509727007,426021.2230682373,-9.47182630704012,1.55797233636256,65371.7679977417,Positive
2025-04-25,388107.35511779785,0.0063217963021997,21.17091072570294,426021.2230682373,-8.899525633343075,0.63217963021997,67809.89032745361,Positive
2025-04-28,388001.3373565674,-0.0002731660707596,21.137810944129637,426021.2230682373,-8.924411191970162,-0.02731660707596,67703.87256622314,Negative
2025-04-29,389889.04052734375,0.0048651975883309,21.727170329790702,426021.2230682373,-8.481310456945511,0.48651975883309007,69591.57573699951,Positive
2025-04-30,389984.9956512451,0.0002461088000103,21.75712845760922,426021.2230682373,-8.458786902083549,0.02461088000103,69687.53086090088,Positive
2025-05-01,395188.9282989502,0.0133439304222844,23.38184710816471,426021.2230682373,-7.237267323733443,1.33439304222844,74891.46350860596,Positive
2025-05-02,398956.43882751465,0.0095334414979217,24.558100729475928,426021.2230682373,-6.352919238576904,0.9533441497921701,78658.97403717041,Positive
2025-05-05,396487.67333984375,-0.006188057761209,23.787328007535447,426021.2230682373,-6.932412783497188,-0.6188057761208999,76190.20854949951,Negative
2025-05-06,394144.2094421387,-0.0059105592816158,23.05567566703408,426021.2230682373,-7.482494274937279,-0.59105592816158,73846.74465179443,Negative
2025-05-07,394813.2948303223,0.0016975649322124,23.26457066675616,426021.2230682373,-7.32543980160264,0.16975649322124,74515.83003997809,Positive
2025-05-08,397191.3040924072,0.0060231235706156,24.00700840776091,426021.2230682373,-6.76724947367523,0.6023123570615599,76893.83930206299,Positive
2025-05-09,396594.0827941895,-0.0015036112121901,23.82055007952884,426021.2230682373,-6.90743528270994,-0.15036112121901002,76296.61800384527,Negative
2025-05-12,408319.080657959,0.0295642279409755,27.481209045857003,426021.2230682373,-4.155225479797964,2.9564227940975503,88021.61586761475,Positive
2025-05-13,409949.5993804932,0.0039932464579093,27.99027293232936,426021.2230682373,-3.7724936734360495,0.39932464579092997,89652.13459014898,Positive
2025-05-14,411518.8333129883,0.0038278703891077,28.480203108180845,426021.2230682373,-3.4041472513509308,0.38278703891077004,91221.36852264404,Positive
2025-05-15,413616.247253418,0.0050967629441018,29.135036246433295,426021.2230682373,-2.9118210885076934,0.5096762944101799,93318.78246307379,Positive
2025-05-16,415332.6886749268,0.0041498404206958,29.670926039576774,426021.2230682373,-2.508920639289025,0.41498404206958006,95035.22388458258,Positive
2025-05-19,415599.0258789063,0.0006412623211267,29.75407911859158,426021.2230682373,-2.446403283449028,0.06412623211266999,95301.56108856207,Positive
2025-05-20,414631.8882751465,-0.0023270930477146,29.45212930316208,426021.2230682373,-2.6734195801476623,-0.23270930477146,94334.42348480225,Negative
2025-05-21,409739.0418243408,-0.0118004586457634,27.924534804714103,426021.2230682373,-3.821917867525704,-1.18004586457634,89441.57703399658,Negative
2025-05-22,410151.5802001953,0.0010068319924254,28.05333331897164,426021.2230682373,-3.725082697464599,0.10068319924254,89854.11540985107,Positive
2025-05-23,407541.06170654297,-0.0063647651738367,27.238303922669328,426021.2230682373,-4.337849938225801,-0.63647651738367,87243.59691619873,Negative
2025-05-27,415200.6679534912,0.0187946859020151,29.62970787960104,426021.2230682373,-2.539909875103319,1.87946859020151,94903.20316314697,Positive
2025-05-28,413109.6295928955,-0.0050362114562636,28.976865259705665,426021.2230682373,-3.0307394975188084,-0.5036211456263601,92812.16480255127,Negative
2025-05-29,414803.0937957764,0.0040993094364556,29.50558134054926,426021.2230682373,-2.633232492894866,0.40993094364556,94505.62900543219,Positive
2025-05-30,415154.935836792,0.0008482146017667,29.6154298656526,426021.2230682373,-2.5506445789685084,0.08482146017667,94857.47104644775,Positive
2025-06-02,416229.7003936768,0.0025888276017205,29.95098186809766,426021.2230682373,-2.298364997884672,0.25888276017205,95932.23560333258,Positive
2025-06-03,417297.7154541016,0.0025659270816442,30.284426611759272,426021.2230682373,-2.0476697267118205,0.25659270816442,97000.25066375738,Positive
2025-06-04,417279.7382354736,-4.308007919084922e-05,30.278813948343508,426021.2230682373,-2.051889520856931,-0.004308007919084922,96982.27344512934,Negative
2025-06-05,415528.8348388672,-0.0041959942843388,29.73216478964582,426021.2230682373,-2.462879232589199,-0.41959942843388,95231.37004852295,Negative
2025-06-06,420037.5476837158,0.0108505414470141,31.13982902070676,426021.2230682373,-1.404548661079985,1.08505414470141,99740.08289337158,Positive
2025-06-09,420898.6483764648,0.0020500564711358,31.4086730758143,426021.2230682373,-1.2024224180380738,0.20500564711358,100601.18358612055,Positive
2025-06-10,422876.5223693848,0.0046991692668749,32.02618467373299,426021.2230682373,-0.73815587782321,0.46991692668749,102579.05757904059,Positive
2025-06-11,421075.3142547608,-0.0042594185757388,31.46382989024976,426021.2230682373,-1.1609536205393178,-0.42594185757388,100777.84946441656,Negative
2025-06-12,422963.8420104981,0.0044850118062127,32.05344671939745,426021.2230682373,-0.71765933061263,0.44850118062127,102666.37722015387,Positive
2025-06-13,418746.293258667,-0.0099714167806485,30.736686764837184,426021.2230682373,-1.7076449283854211,-0.9971416780648499,98448.82846832275,Negative
2025-06-16,422479.9349975586,0.008916238302282,31.902366218883277,426021.2230682373,-0.8312468672743822,0.8916238302282,102182.47020721436,Positive
2025-06-17,419338.1927490234,-0.0074364294923339,30.921483572624545,426021.2230682373,-1.5687083077885575,-0.74364294923339,99040.72795867914,Negative
2025-06-18,419854.277420044,0.0012307122984369,31.082610252586985,426021.2230682373,-1.4475677065519332,0.12307122984369001,99556.81262969977,Positive
2025-06-20,418940.629196167,-0.0021761079331886,30.79736034451324,426021.2230682373,-1.6620284363007445,-0.21761079331886,98643.16440582275,Negative
2025-06-23,422651.8872833252,0.0088586731114599,31.956051403647123,426021.2230682373,-0.79088449177388,0.8858673111459899,102354.42249298096,Positive
2025-06-24,426459.90394592285,0.0090098181912172,33.14495143602492,426459.90394592285,0.0,0.9009818191217199,106162.43915557861,Positive
2025-06-25,428050.5792999268,0.003729952896593,33.64157583330047,428050.5792999268,0.0,0.3729952896593,107753.11450958258,Positive
2025-06-26,431444.2282867432,0.0079281495013199,34.70110622609886,431444.2282867432,0.0,0.79281495013199,111146.76349639898,Positive
2025-06-27,433199.6576690674,0.0040687283946176,35.249168441787404,433199.6576690674,0.0,0.40687283946175995,112902.19287872314,Positive
2025-06-30,434951.76902771,0.0040445815863987,35.79619473804281,434951.76902771,0.0,0.40445815863987,114654.30423736578,Positive
2025-07-01,435094.02755737305,0.0003270673665292,35.84060924184045,435094.02755737305,0.0,0.03270673665292,114796.56276702881,Positive
2025-07-02,436991.1976623535,0.004360368069475,36.432924296916624,436991.1976623535,0.0,0.4360368069475,116693.73287200928,Positive
2025-07-03,441060.0514984131,0.0093110658929185,37.70326024500879,441060.0514984131,0.0,0.93110658929185,120762.58670806885,Positive
2025-07-07,437825.52993774414,-0.0073335173967361,36.69341099041472,441060.0514984131,-0.7333517396736156,-0.73335173967361,117528.0651473999,Negative
2025-07-08,434954.3756866455,-0.0065577588668866,35.79700856244734,441060.0514984131,-1.3843184824889,-0.65577588668866,114656.91089630127,Negative
2025-07-09,437660.7204437256,0.0062221347993285,36.641955855068446,441060.0514984131,-0.7707184187592975,0.62221347993285,117363.25565338135,Positive
2025-07-10,439422.2956085205,0.0040249788992006,37.1919368441306,441060.0514984131,-0.3713226542119696,0.40249788992005997,119124.83081817627,Positive
2025-07-11,438838.0645751953,-0.0013295434463928,37.00953420360156,441060.0514984131,-0.5037833092498389,-0.13295434463928,118540.59978485107,Negative
2025-07-14,438678.76976013184,-0.0003629922468501,36.9598008049411,441060.0514984131,-0.5398996644994991,-0.03629922468501,118381.3049697876,Negative
2025-07-15,438386.1186981201,-0.0006671192731112,36.86843228218264,441060.0514984131,-0.6062514143388875,-0.06671192731112,118088.65390777588,Negative
2025-07-16,440457.57789611816,0.0047251934074685,37.51516209609296,441060.0514984131,-0.1365967287783487,0.47251934074685,120160.11310577393,Positive
2025-07-17,443493.2204437256,0.0068920202533633,38.46291937840378,443493.2204437256,0.0,0.68920202533633,123195.75565338135,Positive
2025-07-18,443995.1347351074,0.0011317293438661,38.61962192730169,443995.1347351074,0.0,0.11317293438661,123697.66994476318,Positive
2025-07-21,445391.7685699463,0.0031456061690227,39.05566466518382,445391.7685699463,0.0,0.31456061690227,125094.30377960205,Positive
2025-07-22,445587.1521759033,0.0004386780801637,39.116665337195045,445587.1521759033,0.0,0.043867808016370004,125289.68738555908,Positive
2025-07-23,448070.3561401367,0.0055728805287749,39.891945892680816,448070.3561401367,0.0,0.5572880528774901,127772.89134979248,Positive
2025-07-24,449611.2300872803,0.0034389107112937,40.37302180383489,449611.2300872803,0.0,0.34389107112937,129313.76529693604,Positive
2025-07-25,450668.3986663818,0.0023512948706738,40.70308016998323,450668.3986663818,0.0,0.23512948706738,130370.93387603754,Positive
2025-07-28,450136.838684082,-0.0011794924691254,40.537121946539976,450668.3986663818,-0.1179492469125409,-0.11794924691254001,129839.37389373773,Negative
2025-07-29,449831.38931274414,-0.0006785700371265,40.441757666483056,450668.3986663818,-0.1857262138003412,-0.06785700371265,129533.9245223999,Negative
2025-07-30,449442.1323394776,-0.0008653397306517,40.32022783373168,450668.3986663818,-0.2720994705936896,-0.08653397306517,129144.66754913336,Negative
2025-07-31,449248.9456939697,-0.0004298365275685,40.259913074252005,450668.3986663818,-0.3149661650589608,-0.042983652756850003,128951.48090362549,Negative
2025-08-01,441899.1902923584,-0.0163600949363562,37.96524758059214,450668.3986663818,-1.9458227823324847,-1.63600949363562,121601.72550201416,Negative
2025-08-04,448168.3242797852,0.0141867967290891,39.92253250369646,450668.3986663818,-0.5547481017073586,1.41867967290891,127870.85948944098,Positive
2025-08-05,445767.41340637207,-0.0053571632427869,39.17294465573,450668.3986663818,-1.0874925498465804,-0.53571632427869,125469.94861602783,Negative
2025-08-06,449739.377746582,0.0089103963653551,40.4130307559462,450668.3986663818,-0.2061429029745487,0.89103963653551,129441.91295623773,Positive
2025-08-07,450164.61013793945,0.0009455084709015,40.54579246595094,450668.3986663818,-0.111786965745364,0.09455084709015,129867.14534759521,Positive
2025-08-08,453976.8183898926,0.0084684761220679,41.73600115350593,453976.8183898926,0.0,0.8468476122067901,133679.35359954834,Positive
2025-08-11,453652.8649139404,-0.0007135903482937,41.63485971107704,453976.8183898926,-0.0713590348293768,-0.07135903482937,133355.40012359613,Negative
2025-08-12,457395.3758239746,0.0082497239618317,42.8033082070662,457395.3758239746,0.0,0.82497239618317,137097.91103363037,Positive
2025-08-13,457313.899230957,-0.0001781316500429,42.77787041814367,457395.3758239746,-0.0178131650042989,-0.01781316500429,137016.43444061273,Negative
2025-08-14,458365.1307678223,0.0022987089144526,43.10607518166041,458365.1307678223,0.0,0.22987089144526,138067.6659774781,Positive
2025-08-15,457158.2409667969,-0.0026330314415576,42.72927238622917,458365.1307678223,-0.2633031441557687,-0.26330314415576,136860.77617645264,Negative
2025-08-18,456921.50299072266,-0.000517846896019,42.6553604755529,458365.1307678223,-0.3149514830417699,-0.0517846896019,136624.03820037842,Negative
2025-08-19,454497.028427124,-0.005306107389846,41.8984158131324,458365.1307678223,-0.8438910556347601,-0.5306107389846,134199.56363677979,Negative
2025-08-20,452981.9320678711,-0.0033335671401333,41.42538791694077,458365.1307678223,-1.1744346021551832,-0.33335671401333,132684.46727752686,Negative
2025-08-21,451633.0435180664,-0.0029777976875302,41.00425172384363,458365.1307678223,-1.468717142265752,-0.29777976875302004,131335.57872772217,Negative
2025-08-22,457229.18113708496,0.0123908949961379,42.75142060096277,458365.1307678223,-0.2478263625408039,1.23908949961379,136931.71634674072,Positive
2025-08-25,455340.3670501709,-0.0041310007428151,42.16171437642229,458365.1307678223,-0.6599026659345752,-0.41310007428151,135042.90225982666,Negative
2025-08-26,456741.6500854492,0.003077440825983,42.59920864013602,458365.1307678223,-0.3541893947415886,0.3077440825983,136444.18529510498,Positive
2025-08-27,458238.21853637695,0.0032766191798969,43.06645194220442,458365.1307678223,-0.0276880205160257,0.32766191798969,137940.75374603271,Positive
2025-08-28,459852.473526001,0.0035227419371086,43.57043813225454,459852.473526001,0.0,0.35227419371086,139555.00873565674,Positive
2025-08-29,458281.07971191406,-0.0034171694283559,43.07983362025334,459852.473526001,-0.3417169428355904,-0.34171694283559,137983.61492156982,Negative
2025-09-02,455703.1878662109,-0.0056251326092791,42.27499058242583,459852.473526001,-0.9023080006452132,-0.56251326092791,135405.72307586664,Negative
2025-09-03,459561.02935791016,0.0084656890590633,43.47944641357779,459852.473526001,-0.0633777537078605,0.8465689059063299,139263.56456756592,Positive
2025-09-04,463614.62699890137,0.0088205861290171,44.74501922841245,463614.62699890137,0.0,0.88205861290171,143317.16220855713,Positive
2025-09-05,459573.3281707764,-0.0087169355597889,43.48328622319797,463614.62699890137,-0.8716935559788919,-0.87169355597889,139275.8633804322,Negative
2025-09-08,460081.3186645508,0.0011053524272097,43.64188582188881,463614.62699890137,-0.7621218418458087,0.11053524272097001,139783.85387420654,Positive
2025-09-09,461692.6287841797,0.003502228963145,44.14495259473499,463614.62699890137,-0.4145680707192678,0.3502228963145,141395.16399383545,Positive
2025-09-10,460937.6174163818,-0.0016353117219698,43.909230664094025,463614.62699890137,-0.5774212948906565,-0.16353117219698002,140640.15262603754,Negative
2025-09-11,464372.8187561035,0.0074526382962112,44.981734107719554,464372.8187561035,0.0,0.74526382962112,144075.35396575928,Positive
2025-09-12,465994.1972351074,0.0034915447535173,45.48794432079919,465994.1972351074,0.0,0.34915447535173,145696.73244476318,Positive
2025-09-15,469271.2217712402,0.0070323290624141,46.51106341987725,469271.2217712402,0.0,0.70323290624141,148973.75698089594,Positive
2025-09-16,468594.61013793945,-0.0014418349174427,46.2998186528468,469271.2217712402,-0.1441834917442763,-0.14418349174427,148297.14534759521,Negative
2025-09-17,468943.0640411377,0.0007436148339301,46.40860936819833,469271.2217712402,-0.0699292253345307,0.07436148339300999,148645.59925079346,Positive
2025-09-18,469364.5673370361,0.0008988368273668,46.54020681814204,469364.5673370361,0.0,0.08988368273668,149067.10254669184,Positive
2025-09-19,473200.0094604492,0.0081715629817855,47.73766934752035,473200.0094604492,0.0,0.8171562981785501,152902.54467010498,Positive
2025-09-22,473877.9598999024,0.0014326932077328,47.94933210292085,473877.9598999024,0.0,0.14326932077328,153580.49510955816,Positive
2025-09-23,471460.6270599365,-0.0051011717035256,47.19461715644191,473877.9598999024,-0.5101171703525642,-0.51011717035256,151163.16226959229,Negative
2025-09-24,470211.4919281006,-0.0026495004251482,46.80462495570639,473877.9598999024,-0.773715657207652,-0.26495004251482,149914.02713775635,Negative
2025-09-25,469550.0325012207,-0.0014067274795168,46.59811085566104,473877.9598999024,-0.913299998083017,-0.14067274795168,149252.56771087646,Negative
2025-09-26,471815.283203125,0.0048243010224866,47.30534427175661,473877.9598999024,-0.4352759299489306,0.48243010224866,151517.81841278076,Positive
2025-09-29,473470.8994293213,0.0035090347539326,47.8222438442462,473877.9598999024,-0.0858998529214227,0.35090347539326,153173.43463897705,Positive
2025-09-30,475211.5824127197,0.0036764307700778,48.36570209001716,475211.5824127197,0.0,0.36764307700778004,154914.1176223755,Positive
2025-10-01,475749.5036315918,0.0011319615067901,48.53364635371096,475749.5036315918,0.0,0.11319615067901,155452.03884124756,Positive
2025-10-02,513295.135345459,0.0789189088528015,60.25575965187373,513295.135345459,0.0,7.891890885280151,192997.67055511475,Positive
2025-10-03,514535.3435516357,0.0024161698032498,60.642964779141465,514535.3435516357,0.0,0.24161698032498002,194237.87876129145,Positive
2025-10-06,516309.0664672852,0.0034472324163508,61.19673841478684,516309.0664672852,0.0,0.34472324163508,196011.60167694098,Positive
2025-10-07,515399.82780456543,-0.001761035631121,60.91286521481789,516309.0664672852,-0.1761035631121066,-0.17610356311210001,195102.3630142212,Negative
2025-10-08,516450.9712219238,0.0020394718054834,61.24104246656306,516450.9712219238,0.0,0.20394718054834002,196153.5064315796,Positive
2025-10-09,515564.4207000733,-0.0017166208822358,60.96425272599146,516450.9712219238,-0.1716620882235897,-0.17166208822357998,195266.95590972906,Negative
2025-10-10,504740.9037017822,-0.0209935297389102,57.5850448994869,516450.9712219238,-2.267411268960451,-2.09935297389102,184443.438911438,Negative
2025-10-13,510616.3649749756,0.0116405491017324,59.41942135233808,516450.9712219238,-1.129750270997376,1.16405491017324,190318.90018463135,Positive
2025-10-14,508984.1313934326,-0.0031965947304155,58.9098220701173,516450.9712219238,-1.4457983902759763,-0.31965947304155,188686.66660308838,Negative
2025-10-15,510484.6524810791,0.0029480704703672,59.37829942401351,516450.9712219238,-1.1552536587797313,0.29480704703672,190187.18769073486,Positive
2025-10-16,507297.16972351074,-0.006244032493585,58.38313614363764,516450.9712219238,-1.772443466754492,-0.6244032493585,186999.7049331665,Negative
2025-10-17,510395.0030517578,0.0061065456563367,59.35030999569258,516450.9712219238,-1.1726124080738145,0.61065456563367,190097.53826141357,Positive
2025-10-20,516006.01638793945,0.0109934723158184,61.10212321714732,516450.9712219238,-0.0861562585373065,1.09934723158184,195708.55159759521,Positive
2025-10-21,515707.61810302734,-0.0005782845072251,61.00896035520977,516450.9712219238,-0.143934886430308,-0.05782845072251,195410.1533126831,Negative
2025-10-22,513326.30516052246,-0.0046175640206058,60.265491172878406,516450.9712219238,-0.6050266599380016,-0.46175640206058005,193028.84037017822,Negative
2025-10-23,514945.719833374,0.0031547471005701,60.77108826647751,516450.9712219238,-0.2914606559821897,0.31547471005701,194648.25504302979,Positive
2025-10-24,519535.9100341797,0.008913930194994,62.20419052465811,519535.9100341797,0.0,0.8913930194994001,199238.44524383545,Positive
2025-10-27,525766.7719268799,0.0119931303541467,64.14952652560919,525766.7719268799,0.0,1.19931303541467,205469.30713653564,Positive
2025-10-28,528159.1055297852,0.0045501802902789,64.89643646586465,528159.1055297852,0.0,0.45501802902789,207861.64073944092,Positive
2025-10-29,528045.0452423096,-0.0002159581957054,64.86082572896723,528159.1055297852,-0.0215958195705412,-0.02159581957054,207747.58045196533,Negative
2025-10-30,525724.48387146,-0.0043946276776155,64.13632378126415,528159.1055297852,-0.4609636817456852,-0.43946276776155,205427.01908111572,Negative
2025-10-31,527222.9467773438,0.0028502817575644,64.60415855069157,528159.1055297852,-0.1772493823622323,0.28502817575644,206925.4819869995,Positive
2025-11-03,527083.3042907715,-0.0002648642048412,64.56056080112347,528159.1055297852,-0.2036888558296423,-0.02648642048412,206785.83950042725,Negative
2025-11-04,523418.4825897217,-0.0069530217922214,63.41636763573308,528159.1055297852,-0.897574781998367,-0.69530217922214,203121.01779937744,Negative
2025-11-05,523606.4943695069,0.0003591997341303,63.4750667515404,528159.1055297852,-0.8619772172083762,0.03591997341303,203309.02957916266,Positive
2025-11-06,519393.85612487793,-0.008045427797265,62.1598399053378,528159.1055297852,-1.659585021470944,-0.8045427797265,199096.3913345337,Negative
2025-11-07,519292.79655456543,-0.0001945721327288,62.12828811944444,528159.1055297852,-1.678719325746758,-0.019457213272879997,198995.3317642212,Negative
2025-11-10,526063.6775970459,0.0130386577426151,64.24222337862999,528159.1055297852,-0.3967417982195687,1.30386577426151,205766.21280670166,Positive
2025-11-11,528964.3817138672,0.0055139790872298,65.14785156357988,528964.3817138672,0.0,0.55139790872298,208666.91692352295,Positive
2025-11-12,529217.1820068359,0.0004779155302474,65.22677828662908,529217.1820068359,0.0,0.04779155302474,208919.7172164917,Positive
2025-11-13,520869.8746490479,-0.0157729333846161,62.62066731935936,529217.1820068359,-1.577293338461616,-1.57729333846161,200572.40985870367,Negative
2025-11-14,519702.3880767822,-0.0022414169624462,62.256166597185405,529217.1820068359,-1.7978996626626498,-0.22414169624462,199404.923286438,Negative
2025-11-17,516538.5681915283,-0.0060877532176867,61.26839109689388,529217.1820068359,-2.3957298149748785,-0.60877532176867,196241.10340118408,Negative
2025-11-18,511619.8989868164,-0.0095223658166181,59.73273448221181,529217.1820068359,-3.3251533809407263,-0.9522365816618099,191322.43419647217,Negative
2025-11-19,514328.4116363525,0.0052939939492187,60.57835861205281,529217.1820068359,-2.8133573278977697,0.5293993949218699,194030.94684600824,Positive
2025-11-20,508250.76164245605,-0.0118166717147906,58.680856863834265,529217.1820068359,-3.9617799794166686,-1.18166717147906,187953.29685211182,Negative
2025-11-21,512160.3798675537,0.0076923017536922,59.90147789736531,529217.1820068359,-3.2230250111308534,0.76923017536922,191862.91507720947,Positive
2025-11-24,518148.7278747559,0.0116923296736672,61.771098692247925,529217.1820068359,-2.0914767147407365,1.1692329673667199,197851.26308441168,Positive
2025-11-25,522493.7310791016,0.0083856293967317,63.12765117298325,529217.1820068359,-1.2704521236892696,0.83856293967317,202196.26628875738,Positive
2025-11-26,525742.5547790527,0.0062179190040068,64.14196569529074,529217.1820068359,-0.6565597916921573,0.62179190040068,205445.0899887085,Positive
2025-11-28,528885.984954834,0.0059790293694264,65.12337532893827,529217.1820068359,-0.0625824450268264,0.5979029369426401,208588.52016448975,Positive
2025-12-01,526168.5171508789,-0.005138097588627,64.2749553123347,529217.1820068359,-0.5760706491796497,-0.5138097588627,205871.05236053467,Negative
2025-12-02,527069.0528869629,0.0017114968051685,64.55611137352095,529217.1820068359,-0.4059069117384184,0.17114968051685,206771.58809661865,Positive
2025-12-03,526799.6981811523,-0.0005110425367135,64.4720162009329,529217.1820068359,-0.4568037297119298,-0.05110425367135,206502.2333908081,Negative
2025-12-04,526227.2113037109,-0.0010867259024976,64.29328020069134,529217.1820068359,-0.5649798995162603,-0.10867259024976,205929.7465133667,Negative
2025-12-05,526585.4731750488,0.0006808121352186,64.40513305958686,529217.1820068359,-0.4972833311661317,0.06808121352186,206288.0083847046,Positive
2025-12-08,525200.1516723633,-0.0026307628547608,63.97262214240169,529217.1820068359,-0.7590513821262856,-0.26307628547608,204902.68688201904,Negative
2025-12-09,522345.95001220703,-0.0054345027339915,63.081512479069055,529217.1820068359,-1.2983765887140342,-0.54345027339915,202048.4852218628,Negative
2025-12-10,525618.76121521,0.006265600801397,64.10331613435092,529217.1820068359,-0.679951617969099,0.6265600801397,205321.29642486572,Positive
2025-12-11,529323.960723877,0.0070492147200009,65.26011564604619,529323.960723877,0.0,0.70492147200009,209026.49593353271,Positive
2025-12-12,526720.4795074463,-0.0049185024854538,64.44728335649472,529323.960723877,-0.491850248545389,-0.49185024854538006,206423.01471710205,Negative
2025-12-15,526010.1742553711,-0.0013485430692564,64.22551911226626,529323.960723877,-0.6260412742272403,-0.13485430692564002,205712.70946502686,Negative
2025-12-16,524023.0544281006,-0.0037777212771283,63.60512087446841,529323.960723877,-1.0014483924980722,-0.37777212771283,203725.58963775635,Negative
2025-12-17,520385.3019714356,-0.0069419702547918,62.46937899182623,529323.960723877,-1.6886933930248205,-0.69419702547918,200087.83718109137,Negative
2025-12-18,523276.57821655273,0.0055560297997729,63.37206370305544,529323.960723877,-1.1424728438618414,0.55560297997729,202979.1134262085,Positive
2025-12-19,526962.1766662598,0.007043308650023,64.52274357250725,529323.960723877,-0.4461887677231435,0.7043308650023,206664.71187591553,Positive
2025-12-22,529369.6393585205,0.0045685682936318,65.27437696237395,529369.6393585205,0.0,0.45685682936317995,209072.17456817627,Positive
2025-12-23,532136.2816619873,0.0052262957634279,66.13814973849558,532136.2816619873,0.0,0.52262957634279,211838.81687164307,Positive
2025-12-24,534478.2731628418,0.0044011122367748,66.86934238230484,534478.2731628418,0.0,0.44011122367748,214180.80837249756,Positive
2025-12-26,534172.3104095459,-0.0005724512457453,66.77381781938136,534478.2731628418,-0.0572451245745342,-0.057245124574529994,213874.84561920166,Negative
2025-12-29,532463.9434814453,-0.0031981570268792,66.24044896202285,534478.2731628418,-0.3768777483650454,-0.31981570268792,212166.47869110107,Negative
2025-12-30,531752.6439666748,-0.0013358641903896,66.01837429926019,534478.2731628418,-0.5099607099158132,-0.13358641903895999,211455.17917633057,Negative
2025-12-31,528778.207244873,-0.0055936472635351,65.08972607416459,534478.2731628418,-1.0664728959397962,-0.55936472635351,208480.7424545288,Negative
2026-01-02,527311.6875457764,-0.0027734117613087,64.63186428619925,534478.2731628418,-1.3408563035979482,-0.27734117613087,207014.22275543213,Negative
2026-01-05,530113.5981750488,0.0053135758137907,65.5066481784497,534478.2731628418,-0.8166234638434355,0.53135758137907,209816.1333847046,Positive
2026-01-06,532535.9899902344,0.0045695711702637,66.26294258645294,534478.2731628418,-0.363397965854384,0.45695711702637004,212238.52519989014,Positive
2026-01-07,531825.400314331,-0.0013343505213917,66.0410895423246,534478.2731628418,-0.4963481177283513,-0.13343505213917,211527.93552398682,Negative
2026-01-08,531829.4029998779,7.526315111139326e-06,66.04233921988589,534478.2731628418,-0.4955992218895755,0.0007526315111139326,211531.9382095337,Positive
2026-01-09,533347.3023223877,0.0028541094455247,66.5162422286104,534478.2731628418,-0.2116027717574797,0.28541094455247,213049.83753204346,Positive
2026-01-12,533134.6948242188,-0.000398628618244,66.44986408905562,534478.2731628418,-0.2513812826613559,-0.0398628618244,212837.2300338745,Negative
2026-01-13,528822.798538208,-0.0080878178214089,65.10364791190506,534478.2731628418,-1.05812993878438,-0.80878178214089,208525.33374786377,Negative
2026-01-14,526230.0979614258,-0.0049027776108538,64.29418144345227,534478.2731628418,-1.5432199240965283,-0.49027776108538,205932.63317108154,Negative
2026-01-15,526179.3036651611,-9.652487849221014e-05,64.27832296755147,534478.2731628418,-1.5527234528300848,-0.009652487849221014,205881.8388748169,Negative
